Nationality,Number of,Ethno-Linguistic Group
All nationalities,4335360,Euroasian Language Groups
Moldovans,2794749,Romance
Ukrainians,600366,Slavic
Russians,562069,Slavic
Gagauz,153458,Turkic
Bulgarians,88419,Slavic
Jews,65672,Semetic 
Belarusians,19608,Slavic
Gypsies,11571,Romani
Germans,7335,Germanic
Poles,4739,Slavic
Tatars,3392,Turkic
Armenians,2873,Caucasian
Azerbaijanis,2642,Turkic
Romanians,2477,Romance
Uzbeks,1391,Turkic
Chuvash,1204,Turkic
Kazakhs,1108,Turkic
Georgians,1102,Caucasian
Mordva,1088,Finno-Ugric
Lithuanians,947,Baltic
Udmurts,665,Finno-Ugric
Bashkirs,610,Turkic
Greeks,601,Hellenic
Tajiks,592,Iranic
Czechs,591,Slavic
Latvians,472,Baltic
Ossetians,403,Iranic
Marians,397,Finno-Ugric
Turkmen,337,Turkic
Hungarians,299,Finno-Ugric
Komi,295,Finno-Ugric
Estonians,282,Finnic
Koreans,269,Korean
Kyrgyz,221,Turkic
Lezgins,218,Caucasian
Albanians,204,Albanian
Karels,172,Finnic
Buryats,156,Mongolic
Chechens,150,Caucasian
Non-nationals,143,Unknown
Avarians,120,Caucasian
Persons of other nationalities,103,Unknown
Tats,97,Iranic
Finns,97,Finnic
Mountain Jews,89,Semetic 
Karachays,86,Turkic
Crimean Tatars,85,Turkic
Komi-Permyak,75,Finno-Ugric
Yakuts,57,Turkic
Kumyki,52,Turkic
Khakasy,52,Turkic
Abkhazians,51,Caucasian 
Serbs,50,Slavic
Uyghurs,44,Turkic
Karaites,43,Semetic 
Kabardians,43,Caucasian 
Kalmyks,41,Mongolic
Adyghe,40,Caucasian
Krymchaks,37,Semetic 
Ingush,36,Caucasian
Laks,35,Caucasian
Balkars,35,Turkic
Nogais,34,Turkic
Dargins,34,Caucasian 
Georgian Jews,33,Semetic 
Croats,33,Slavic
Persians,30,Iranic
Baloch,29,Iranic
Karakalpak,27,Turkic
Assyrians,27,Semetic 
Chinese,26,Sinnic
Arabs,26,Semetic 
Vietnamese,20,Vietic
Spaniards,20,Romance
Cubans,20,Hispanic
Altaians,20,Turkic
Aguly,20,Caucasian 
Tabasarany,18,Caucasian
Slovaks,18,Slavic
Udege,17,Tungusic
Udi,16,Caucasian 
Circassians,16,Caucasian 
Austrians,16,Germanic
Afghans,16,Iranic
Turks,14,Turkic
Tuvans,13,Turkic
Americans,13,Romance
British,11,Romance
Abazins,11,Caucasus
Shors,10,Turkic
Peoples of India and Pakistan,9,Hindic
Kurds,9,Iranic
Dolgans,8,Turkic
Khanty,7,Finno-Ugric
Italians,7,Romance
French people,7,Romance
Veps,6,Finnic
Ulchi,5,Tungusic
Rutuls,5,Caucasus
Koryaks,5,Chukotko-Kamchatkan
Jews of Central Asia,5,Semetic 
Evenki,5,Tungusic 
Nanai,4,Tungusic
Japanese,4,Japonic
Dutch,4,Germanic
Dungane,4,Turkic
Yukagir,3,Yukaghiric
Evens,3,Tungusic
Tofalars,2,Turkic
Izhorians,2,Finnic
Tsakhurs,1,Caucasian
Talysh,1, Iranic
Selkups,1,Samoyedic
Saami,1,Finno-Ugric
Oroks,1,Tungusic
Orochs,1,Tungusic
Nivhs,1,Nivhic
Nganasans,1,Samoyedic
Nenets,1,Samoyedic 
Negidals,1,Tungusic
Mansi,1,Finno-Ugric
Eskimos,1,Eskomic
Chuvansy,1,Yukaghiric